speed_mean,speed_std,fuel_mean,fuel_std,temp_mean,temp_max,Maintenance
35.24714285714286,18.10644824729213,3.19,1.9906087201966831,87.62428571428572,101.07,0
51.55117647058824,19.60296274876356,4.645294117647059,2.929430656388411,95.77647058823528,116.43,0
32.182307692307695,23.74397683408228,3.322307692307692,2.747863272454174,86.0923076923077,111.96,0
48.80615384615385,26.267517500537156,4.930000000000001,4.0603222368017375,94.40153846153846,118.96,0
23.395714285714288,14.581911193870784,2.06,1.6411346918894492,81.69785714285715,98.8,0
45.284285714285716,30.311700892378358,4.500714285714286,3.6151996737827194,92.64142857142858,119.51,0
30.461000000000006,17.43538894827924,2.9450000000000003,1.5026217828256792,85.232,94.43,0
40.27333333333333,27.71065641207149,4.515000000000001,3.495263028208841,90.13666666666667,109.52,0
31.550000000000004,20.706332364762233,3.175714285714286,1.932466396506385,85.77642857142858,102.28,0
43.122,22.49205528872609,4.587,2.675273817761464,91.56099999999999,110.81,0
45.75533333333333,18.587891552861837,4.777333333333333,3.1721206666533868,101.376,117.83,0
32.55769230769231,22.49436305456923,2.973846153846154,2.026287814623655,86.27999999999999,105.71,0
27.361333333333334,23.483315617283523,2.7933333333333334,2.377954302897065,83.68,99.4,0
19.635,18.985817074858804,2.325,1.845548698896889,79.815,86.53,0
24.962500000000002,27.855940569293296,3.2299999999999995,3.041523740934249,82.48,97.44,0
29.647777777777783,17.098365256492926,2.7655555555555553,2.0895341054354146,84.82222222222222,99.53,0
38.75785714285714,15.044854565634685,3.0799999999999996,1.2087565129885787,89.37857142857142,98.52,0
34.53769230769231,25.526717426337893,3.5930769230769233,3.223115430282179,87.26769230769231,108.94,0
32.59333333333334,22.317455585472192,3.126666666666667,2.5410533998624234,86.296,109.83,0
30.54,17.844229959769706,3.0100000000000002,1.6742588978837345,85.27000000000001,94.6,0
25.149999999999995,16.453392254081425,2.8792307692307686,2.885730587847907,98.26846153846152,117.13,0
52.92,21.864874799550076,5.006153846153847,3.511850268404436,96.46000000000001,119.86,0
70.034,34.3086385623213,7.160000000000001,4.684565081200176,105.018,119.65,0
61.004999999999995,26.650854582920974,6.994999999999999,3.090056633785213,100.505,109.93,0
4.175,5.847773080412749,0.8899999999999999,0.4101219330881975,72.08500000000001,74.15,0
31.605,23.68709001404211,3.235,2.2845057817100543,85.8025,95.73,0
36.68076923076923,25.17743151499588,3.7046153846153844,2.903218373301761,88.34153846153845,109.71,0
32.21083333333333,17.71976988273182,2.9341666666666666,1.6969408750258017,86.10583333333334,94.98,0
33.06818181818182,12.063172732064992,2.738181818181818,1.2711555229932974,86.53636363636365,94.62,0
12.73,16.80085712099237,1.64,1.4566399692442877,76.36,82.3,0
25.34,20.92228182878428,3.8907142857142856,3.7225910419940127,108.16999999999999,127.4,1
36.573571428571434,14.677993264194402,3.4978571428571428,2.080688416297425,96.48214285714286,113.04,0
8.77,12.20466304327981,1.28,0.9475230867899737,74.38499999999999,78.7,0
31.16,19.776546182002786,3.41,2.6403335227033558,85.58,85.58,0
36.44333333333333,22.212186595050323,3.5566666666666666,2.871242472055144,88.22333333333334,100.79,0
30.673636363636362,19.776546182002786,3.328888888888889,2.6403335227033558,94.17897727272727,109.655,0
30.004545454545454,23.08006384897423,3.222727272727273,2.6240506508415224,85.00272727272727,103.33,0
39.473846153846154,25.061027026860366,4.752307692307692,3.4614620077027034,98.56307692307692,118.15,0
38.66769230769231,20.43377561532464,3.7007692307692306,2.493730343409452,89.33384615384617,108.94,0
42.36428571428572,21.651729621542838,4.047142857142857,2.975074475012034,91.17999999999999,119.37,0
17.963076923076922,11.223629377801837,1.7369230769230768,0.8761124796069719,104.48384615384614,115.26,1
42.82062499999999,23.340041264959236,4.8625,3.918976907306293,104.159375,118.82,0
6.05,19.776546182002786,1.01,2.6403335227033558,73.02,73.02,0
0.79,19.776546182002786,0.65,2.6403335227033558,70.4,70.4,0
30.673636363636362,19.776546182002786,3.328888888888889,2.6403335227033558,94.17897727272727,109.655,0
31.83,19.776546182002786,3.48,2.6403335227033558,85.91,85.91,0
28.895,25.42906571884491,2.6160000000000005,2.044152636179598,84.44800000000001,99.8,0
41.15714285714286,28.15385451069753,5.21,4.737161597412526,103.32857142857142,127.96,0
35.599999999999994,23.85543194606489,3.449230769230769,2.840860965559741,87.80076923076923,108.12,0
20.182142857142857,15.695305608106779,2.019285714285714,1.4407127738391496,83.73285714285714,93.45,0
26.531111111111112,21.943567078100845,3.377777777777778,3.158998171009987,108.76555555555555,127.28,1
42.37071428571429,23.195367728620603,4.6764285714285725,3.8528363321321866,103.93357142857141,128.32,0
30.673636363636362,19.776546182002786,3.328888888888889,2.6403335227033558,94.17897727272727,109.655,0
12.405000000000001,15.181582592075175,1.57,1.3435028842544403,76.19999999999999,81.57,0
0.11,19.776546182002786,0.61,2.6403335227033558,70.05,70.05,0
30.673636363636362,19.776546182002786,3.328888888888889,2.6403335227033558,94.17897727272727,109.655,0
21.98,7.848885271170679,2.015,0.21920310216782962,80.99,83.77,0
31.31875,20.004317703578753,3.41125,3.505034898949958,98.4075,117.68,0
23.735384615384614,12.54066426695214,2.191538461538461,1.5589838899843604,94.61769230769232,103.63,0
54.7,19.776546182002786,7.77,2.6403335227033558,110.1,110.1,0
37.68933333333334,21.020797683201636,3.395333333333333,1.9573154598898486,90.544,112.71,0
31.583333333333332,23.556192520452154,4.041666666666667,4.393074784317478,101.72916666666667,131.58,0
30.673636363636362,19.776546182002786,3.328888888888889,2.6403335227033558,94.17897727272727,109.655,0
28.32384615384615,28.949543329288616,3.3723076923076913,3.725717277353346,84.16076923076922,117.03,0
25.439999999999998,27.84965996201749,3.1063636363636364,3.488570689343338,82.7209090909091,109.64,0
31.285,27.58423553408722,3.765,3.259762261269984,85.64500000000001,95.4,0
27.73,39.18785781335846,3.6999999999999997,4.384062043356595,83.86500000000001,97.72,0
32.12090909090909,20.659615898920027,4.31,3.124407143763437,98.81181818181817,117.12,0
31.608333333333334,23.023796747423454,4.2716666666666665,2.732452500349579,98.55333333333334,115.68,0
17.116666666666667,17.325052188473588,2.3000000000000003,2.522320360303187,91.31,100.6,0
29.70416666666667,17.721031910407955,3.313333333333334,2.5088654927289467,91.2275,108.77,0
39.940000000000005,18.15348790389668,4.982142857142857,3.4351893432787404,115.47142857142856,127.49,1
49.295,46.56298154113415,6.41,6.434671708797582,94.65,111.11,0
27.004,23.091765343227156,2.827,2.287871645583875,83.50099999999999,99.09,0
37.77666666666667,25.07147781842945,4.068888888888889,2.889327103515819,88.88777777777779,104.53,0
54.03333333333333,19.847554616184443,5.2125,3.154189493932849,97.01666666666667,119.55,0
36.351111111111116,22.322216760687347,3.7022222222222223,2.6782819949446033,92.42777777777778,109.02,0
38.39909090909091,22.06504631970912,5.1818181818181825,4.2159051653988096,112.38181818181819,127.1,1
27.834000000000003,18.744228859986627,3.09,3.0157365048469784,96.66499999999999,117.17,0
30.673636363636362,19.776546182002786,3.328888888888889,2.6403335227033558,94.17897727272727,109.655,0
27.26777777777778,12.477677846636547,3.0066666666666664,1.5486929973367867,96.38333333333334,107.76,0
27.768749999999997,13.743313634013347,3.5374999999999996,2.4939226130736296,109.385,118.1,1
36.24181818181818,21.35178297856262,3.513636363636364,2.5764365807342227,91.59818181818181,110.05,0
51.16833333333332,33.556650562439884,5.183333333333333,3.912440143796181,95.58166666666665,119.82,0
26.361818181818183,17.843421655154494,2.6272727272727274,1.9709443975368304,83.18181818181817,95.9,0
43.190625000000004,27.06741496553867,4.910625,4.375386411506988,104.345625,128.58,0
30.673636363636362,19.776546182002786,3.328888888888889,2.6403335227033558,94.17897727272727,109.655,0
28.8625,15.851643222617106,4.5425,3.1857708194855627,109.93125,119.52,1
27.160999999999994,14.505117449445978,2.698,1.264918091331521,96.333,106.26,0
30.673636363636362,19.776546182002786,3.328888888888889,2.6403335227033558,94.17897727272727,109.655,0
22.45461538461539,20.076591931643765,3.069230769230769,2.857027772407488,99.86307692307695,118.2,0
36.29666666666667,13.12627263671349,3.236666666666667,2.177023962507839,113.64999999999999,117.48,1
30.673636363636362,19.776546182002786,3.328888888888889,2.6403335227033558,94.17897727272727,109.655,0
41.733571428571416,18.442873798734404,4.100714285714286,2.569655661714273,98.15285714285714,116.29,0
27.414375,12.590154867329208,2.194375,1.175749229215142,90.081875,103.22,0
21.875,19.378675708680976,2.551,3.137983960018491,93.691,115.86,0
8.08,19.776546182002786,1.44,2.6403335227033558,86.79,86.79,0
27.619999999999997,16.097545509442472,3.4699999999999998,2.891939537008733,109.3125,121.44,1
28.524,18.155080831546854,3.335,2.5617929918971463,97.01000000000002,112.57,0
27.82,19.776546182002786,4.0,2.6403335227033558,96.66,96.66,0
28.256363636363634,17.90778505160662,3.5645454545454545,2.9220895387936476,109.62818181818183,126.98,1
30.673636363636362,19.776546182002786,3.328888888888889,2.6403335227033558,94.17897727272727,109.655,0
30.673636363636362,19.776546182002786,3.328888888888889,2.6403335227033558,94.17897727272727,109.655,0
43.13250000000001,39.77974222725264,5.590000000000001,5.066813594360858,104.315,127.95,0
23.246666666666666,5.3259772186269565,2.7899999999999996,1.460924364914214,94.37666666666667,97.43,0
28.26,19.776546182002786,1.66,2.6403335227033558,96.88,96.88,0
4.05,19.776546182002786,1.01,2.6403335227033558,84.77,84.77,0
27.93,18.568624073958738,4.255,2.1283914113715077,109.465,116.03,1
36.482499999999995,27.303929828706146,4.7175,4.348600872171939,100.99166666666667,118.81,0
38.43857142857143,25.633585669697368,5.022857142857143,4.30347036040184,101.97000000000001,128.86,0
27.19916666666666,19.192657904111208,2.9275,2.691704850090366,108.58166666666665,124.26,1
30.673636363636362,19.776546182002786,3.328888888888889,2.6403335227033558,94.17897727272727,109.655,0
32.3975,19.34735533175874,3.7975000000000003,3.149585951623906,98.9475,109.81,0
13.68,19.776546182002786,2.1,2.6403335227033558,89.59,89.59,0
41.660000000000004,18.276632622012187,4.5200000000000005,4.272949800781656,103.57666666666667,112.03,0
30.673636363636362,19.776546182002786,3.328888888888889,2.6403335227033558,94.17897727272727,109.655,0
30.673636363636362,19.776546182002786,3.328888888888889,2.6403335227033558,94.17897727272727,109.655,0
36.02583333333333,22.439125918130078,4.266666666666667,3.9042315815566373,113.43,137.67,1
21.220714285714287,12.961102436661255,2.559285714285714,2.467719172046915,104.28785714285716,118.18,1
36.58833333333333,7.57847851924558,3.5199999999999996,2.0229483433839826,101.045,105.84,0
36.205000000000005,19.26237134934326,3.360714285714286,2.0622335325702426,88.10214285714287,101.07,0
52.63529411764706,19.452876753081746,4.787058823529412,2.928089745691469,96.31823529411764,116.43,0
32.09230769230769,24.04215989806454,3.33,2.7741605336870228,86.04692307692306,111.96,0
49.26846153846154,26.07960277245861,4.988461538461538,4.014064536422415,94.63307692307693,118.96,0
25.916923076923073,10.107279047478096,2.125384615384615,1.1040502357578315,82.95846153846153,94.73,0
48.585384615384605,28.792654044444685,4.800000000000001,3.628920868063489,94.29153846153847,119.92,0
28.262727272727272,18.898683600139503,2.770909090909091,1.6103009317854506,84.13181818181819,94.59,0
38.05307692307693,28.266460509649765,4.240769230769231,3.644430594616168,89.02692307692307,109.53,0
28.72357142857143,17.964684846897583,2.767857142857143,1.6918045830570227,84.36285714285714,97.37,0
35.385714285714286,22.68002781975282,3.77,2.4546147016045783,87.69285714285715,109.78,0
36.11266666666667,19.308935927872014,3.476,2.634520287046039,96.556,109.97,0
34.64909090909091,24.019109664825407,3.333636363636364,2.274292297517066,87.32545454545455,105.27,0
29.551428571428577,22.4461834539494,2.7049999999999996,1.9608308678485489,84.77499999999998,99.98,0
33.01,19.776546182002786,3.63,2.6403335227033558,86.51,86.51,0
44.989999999999995,11.285424227737298,5.27,1.6122034611053286,92.495,96.48,0
15.4975,13.947288511326558,1.5566666666666666,1.1638051487437338,77.75,89.74,0
43.38153846153846,13.64259557791567,3.2776923076923077,1.2050875061321884,91.6923076923077,102.88,0
23.412727272727274,27.35924417483388,2.5763636363636366,2.7930530704849583,81.7090909090909,105.96,0
28.944,17.510802706574346,2.649333333333333,1.8705441021518947,84.472,94.94,0
26.380000000000003,28.37364622321213,3.14375,3.9555564445112252,83.18875,113.85,0
29.97250000000001,18.080812092079572,3.254166666666666,2.409320758046034,100.92333333333333,113.99,0
49.97941176470588,25.256985288873114,4.511176470588236,3.0366035351049314,94.98941176470586,119.27,0
43.437777777777775,39.22344891062544,4.612222222222223,4.522493166876479,91.71777777777778,119.26,0
14.340000000000002,11.939124758540721,1.76,1.0401442207694085,77.16666666666667,82.93,0
4.13,19.776546182002786,0.87,2.6403335227033558,72.07,72.07,0
32.49750000000001,21.694194884039064,3.3749999999999996,2.0389621542997474,86.25250000000001,92.34,0
39.66090909090909,23.516749968711856,4.034545454545454,3.00147085155383,89.83181818181818,109.64,0
2.66,2.754941015702514,0.7733333333333334,0.18610033136277143,71.33333333333333,72.77,0
24.217777777777776,19.290798180594926,2.438888888888889,1.9631189752817102,82.10888888888888,95.09,0
32.795,16.85391912879613,2.518333333333333,1.3272138737470562,86.39833333333333,94.91,0
32.03076923076923,19.813221789812673,4.828461538461538,3.7297360187057165,111.51538461538462,130.07,1
32.13428571428572,18.300544638505546,3.5735714285714293,3.112210708564813,96.08357142857143,119.05,0
0.1,19.776546182002786,0.61,2.6403335227033558,70.05,70.05,0
10.215,10.429825022501577,1.375,0.8414570696119915,75.105,78.79,0
45.27666666666667,39.354367398464596,5.3566666666666665,4.932142874383642,92.63999999999999,113.14,0
30.673636363636362,19.776546182002786,3.328888888888889,2.6403335227033558,94.17897727272727,109.655,0
46.30625,21.07367276790098,4.786250000000001,2.78143815575427,93.1525,108.85,0
33.605,23.207094389431862,3.936666666666666,3.012737404200151,86.80333333333333,102.25,0
33.588750000000005,16.408491246912373,2.9281249999999996,2.3696644453030333,86.794375,109.48,0
5.24,19.776546182002786,0.95,2.6403335227033558,72.62,72.62,0
27.53461538461539,13.307596587027911,2.718461538461539,1.9107670630484423,109.26692307692308,122.2,1
39.77285714285714,23.7870140489015,4.005000000000001,3.119370621924089,102.63714285714286,118.78,0
49.284,40.66823613091672,6.3260000000000005,5.089275979940565,94.644,119.19,0
3.86,19.776546182002786,0.85,2.6403335227033558,71.93,71.93,0
30.926,25.711890115923673,3.293,2.8780049030921093,85.464,107.28,0
30.673636363636362,19.776546182002786,3.328888888888889,2.6403335227033558,94.17897727272727,109.655,0
35.168888888888894,24.861659460122752,3.2344444444444442,2.0107841201326853,87.58333333333333,99.53,0
31.267000000000003,19.776546182002786,2.949,2.036546368514872,85.633,94.94,0
40.61416666666667,27.00000318462383,3.981666666666667,3.319873582843269,90.3075,108.4,0
53.04714285714285,35.95585474545405,6.201428571428571,5.797026331293854,96.52285714285713,119.51,0
23.135555555555555,22.04038969205803,2.9755555555555553,3.419331481119924,107.06777777777776,126.8,1
43.605,17.24565307548543,4.666666666666666,2.474862959168985,104.55166666666666,108.85,0
31.267272727272726,13.833870818327814,2.9909090909090907,2.277206422551344,92.58818181818181,108.98,0
3.03,19.776546182002786,0.8,2.6403335227033558,71.51,71.51,0
25.849999999999998,24.43328194628521,3.124285714285714,3.0957597728875172,82.92571428571429,104.44,0
30.673636363636362,19.776546182002786,3.328888888888889,2.6403335227033558,94.17897727272727,109.655,0
33.3625,28.278836328443735,3.6775,3.261622922857437,87.74333333333334,109.37,0
30.11333333333333,22.106003143942598,3.592222222222222,2.725191634444162,92.13777777777779,105.41,0
28.796666666666667,13.766817373890765,2.893333333333333,2.102571297389475,96.08749999999999,108.88,0
29.577333333333332,20.03557067769602,2.7193333333333327,1.7321846926710238,84.78999999999998,99.12,0
26.018124999999998,24.263386743198073,2.6343749999999995,2.5655485930563335,83.009375,109.99,0
30.673636363636362,19.776546182002786,3.328888888888889,2.6403335227033558,94.17897727272727,109.655,0
33.55833333333333,7.909299379001067,3.715,1.7239924593802607,99.53000000000002,103.82,0
17.05,19.776546182002786,1.92,2.6403335227033558,78.53,78.53,0
17.496999999999996,16.98190608984882,1.69,1.2136904236437085,78.748,99.01,0
48.9925,30.700327941477855,5.02,4.004715078147615,94.4975,119.14,0
28.47,5.218448045156718,3.46,0.14142135623730964,96.985,98.83,0
39.01818181818182,25.903104763013186,3.984545454545455,2.8167156890121645,102.25818181818181,118.8,0
23.822000000000003,18.933552756944483,2.908,2.3081962654852384,94.66,103.12,0
25.945000000000004,21.896481452507388,3.13,3.9201105426590543,95.725,111.07,0
42.77538461538462,22.01251977677878,4.776153846153846,3.3669064397988513,97.27307692307694,116.16,0
50.82,19.776546182002786,7.85,2.6403335227033558,108.16,108.16,0
54.22083333333333,23.50586791665331,6.37,3.3219709374241835,109.85916666666667,127.96,0
0.67,0.8061017305526642,0.64,0.05656854249492385,70.33500000000001,70.62,0
21.601666666666663,24.307063513856765,2.305,2.457337990590631,80.80166666666666,97.82,0
34.751428571428576,16.685724371515846,3.2228571428571433,1.7216290522079936,91.92857142857143,108.88,0
30.673636363636362,19.776546182002786,3.328888888888889,2.6403335227033558,94.17897727272727,109.655,0
25.640000000000004,21.59901000817707,3.7942857142857145,3.107061082667763,95.56857142857143,111.74,0
30.909000000000002,18.366809709061855,3.9019999999999997,3.132672980060319,98.20400000000002,116.92,0
30.673636363636362,19.776546182002786,3.328888888888889,2.6403335227033558,94.17897727272727,109.655,0
40.58,22.063439894993707,4.83,4.146813234280029,103.03999999999998,119.67,0
26.881111111111114,22.467565351200328,2.8461111111111115,3.3863117866404253,97.60722222222222,123.98,0
32.769999999999996,19.61514211011483,2.935,0.26162950903902266,99.13499999999999,106.07,0
0.07,19.776546182002786,0.6,2.6403335227033558,70.04,70.04,0
21.691249999999997,21.23759970127106,2.23375,2.2367702321491523,80.845,98.98,0
49.39777777777778,32.403506283185536,5.808888888888889,4.411066890346497,107.44999999999999,128.78,0
30.673636363636362,19.776546182002786,3.328888888888889,2.6403335227033558,94.17897727272727,109.655,0
26.630909090909086,14.811596439645157,2.590909090909091,1.6698470262000322,96.06636363636362,103.77,0
26.627499999999998,16.42358745828694,2.8474999999999997,1.3164947145102153,96.065,103.48,0
26.125,9.086322138247134,3.785,1.308147545195113,95.81,99.02,0
27.42125,14.900646015078227,2.9281249999999996,2.584129044120411,106.81937500000001,125.02,1
19.009999999999998,14.468679583461958,2.786,1.7672087218737538,105.00600000000001,116.43,1
5.26,19.776546182002786,1.14,2.6403335227033558,85.38,85.38,0
2.17,0.2262741699796954,0.74,0.014142135623730963,71.08,71.16,0
26.5625,11.130328237148564,2.05375,1.262050580074613,90.45375000000001,99.44,0
37.32666666666667,14.508993762490904,4.038888888888889,2.563403228349202,101.41555555555556,114.59,0
34.96111111111111,13.983941186629437,3.657777777777778,2.2733278347929593,100.22888888888889,106.58,0
45.18000000000001,32.32305214548899,5.906666666666666,5.9951424781512355,109.58999999999999,123.39,0
35.535714285714285,14.937967998094248,3.491428571428571,2.0836353480722734,100.51714285714286,117.87,0
30.673636363636362,19.776546182002786,3.328888888888889,2.6403335227033558,94.17897727272727,109.655,0
36.205000000000005,19.26237134934326,3.360714285714286,2.0622335325702426,88.10214285714287,101.07,0
52.63529411764706,19.452876753081746,4.787058823529412,2.928089745691469,96.31823529411764,116.43,0
32.09230769230769,24.04215989806454,3.33,2.7741605336870228,86.04692307692306,111.96,0
49.26846153846154,26.07960277245861,4.988461538461538,4.014064536422415,94.63307692307693,118.96,0
25.916923076923073,10.107279047478096,2.125384615384615,1.1040502357578315,82.95846153846153,94.73,0
48.585384615384605,28.792654044444685,4.800000000000001,3.628920868063489,94.29153846153847,119.92,0
28.262727272727272,18.898683600139503,2.770909090909091,1.6103009317854506,84.13181818181819,94.59,0
38.05307692307693,28.266460509649765,4.240769230769231,3.644430594616168,89.02692307692307,109.53,0
28.72357142857143,17.964684846897583,2.767857142857143,1.6918045830570227,84.36285714285714,97.37,0
35.385714285714286,22.68002781975282,3.77,2.4546147016045783,87.69285714285715,109.78,0
36.11266666666667,19.308935927872014,3.476,2.634520287046039,96.556,109.97,0
34.64909090909091,24.019109664825407,3.333636363636364,2.274292297517066,87.32545454545455,105.27,0
29.551428571428577,22.4461834539494,2.7049999999999996,1.9608308678485489,84.77499999999998,99.98,0
33.01,19.776546182002786,3.63,2.6403335227033558,86.51,86.51,0
44.989999999999995,11.285424227737298,5.27,1.6122034611053286,92.495,96.48,0
15.4975,13.947288511326558,1.5566666666666666,1.1638051487437338,77.75,89.74,0
43.38153846153846,13.64259557791567,3.2776923076923077,1.2050875061321884,91.6923076923077,102.88,0
23.412727272727274,27.35924417483388,2.5763636363636366,2.7930530704849583,81.7090909090909,105.96,0
28.944,17.510802706574346,2.649333333333333,1.8705441021518947,84.472,94.94,0
26.380000000000003,28.37364622321213,3.14375,3.9555564445112252,83.18875,113.85,0
30.827692307692317,17.583525980230355,3.583846153846153,2.595003334813331,102.08615384615383,116.04,0
48.114999999999995,25.747998722916197,4.318333333333334,3.057440779090751,94.05722222222221,119.27,0
43.437777777777775,39.22344891062544,4.612222222222223,4.522493166876479,91.71777777777778,119.26,0
15.1525,9.882767409317426,1.8125,0.8557404201430868,77.5725,82.93,0
4.13,19.776546182002786,0.87,2.6403335227033558,72.07,72.07,0
32.49750000000001,21.694194884039064,3.3749999999999996,2.0389621542997474,86.25250000000001,92.34,0
40.975833333333334,22.88033433414871,4.034166666666667,2.861790470486911,90.48916666666666,109.64,0
2.66,2.754941015702514,0.7733333333333334,0.18610033136277143,71.33333333333333,72.77,0
25.794999999999998,18.859026279800933,2.553,1.8856949794586493,82.898,95.09,0
32.795,16.85391912879613,2.518333333333333,1.3272138737470562,86.39833333333333,94.91,0
29.916153846153847,20.22839981250022,4.32,3.779503935703732,110.45846153846152,130.07,1
36.10928571428572,20.532418818236504,4.026428571428572,3.175809060194455,98.98142857142857,119.05,0
0.1,19.776546182002786,0.61,2.6403335227033558,70.05,70.05,0
2.84,19.776546182002786,0.78,2.6403335227033558,71.42,71.42,0
45.27666666666667,39.354367398464596,5.3566666666666665,4.932142874383642,92.63999999999999,113.14,0
30.673636363636362,19.776546182002786,3.328888888888889,2.6403335227033558,94.17897727272727,109.655,0
45.035,20.748210249836696,4.93875,2.767461123742946,92.51625,108.85,0
30.835714285714285,22.416295305828193,3.611428571428571,2.8817149325325278,85.41857142857143,102.25,0
34.94625,17.81183609289059,3.10375,2.5205260694281,87.473125,109.48,0
5.24,19.776546182002786,0.95,2.6403335227033558,72.62,72.62,0
27.826153846153847,13.301348013429278,2.7392307692307685,1.9265489938335403,109.05769230769229,121.95,1
37.28846153846154,22.789511785817126,3.7453846153846158,3.0853055369623053,101.39538461538464,118.21,0
45.82999999999999,37.345749958998006,5.551666666666667,4.931342278393041,92.91666666666667,119.19,0
3.86,19.776546182002786,0.85,2.6403335227033558,71.93,71.93,0
32.25636363636364,24.78829775225692,3.4745454545454546,2.795919754343331,86.1290909090909,107.28,0
30.673636363636362,19.776546182002786,3.328888888888889,2.6403335227033558,94.17897727272727,109.655,0
33.90625,26.26793370387988,2.9825,1.9919749711565868,86.9525,99.53,0
33.16111111111112,19.990988247485696,3.0922222222222224,2.105990133985543,86.58,94.94,0
37.92916666666667,26.304517572024956,3.5941666666666667,3.284402417856899,88.96499999999999,108.4,0
51.67875,33.51289919568285,6.0275,5.389502362397266,95.83875,119.51,0
24.14333333333333,21.805306693555124,3.071111111111111,3.4038707541725364,104.36666666666667,126.55,1
43.605,17.24565307548543,4.666666666666666,2.474862959168985,104.55166666666666,108.85,0
31.538,14.551432002841967,3.122,2.35622956814012,93.419,108.98,0
3.03,19.776546182002786,0.8,2.6403335227033558,71.51,71.51,0
27.63,26.47690062425485,2.9871428571428567,3.003723879263396,83.8157142857143,104.44,0
19.46,19.776546182002786,2.15,2.6403335227033558,79.73,79.73,0
33.269999999999996,27.076978536510797,3.6530769230769233,3.124007534709716,88.59615384615384,109.37,0
30.058,20.84247415468924,3.407,2.635252676057206,92.67699999999999,105.41,0
26.784166666666664,15.332409203047542,2.8058333333333327,2.1755143940658903,96.14333333333336,108.88,0
28.249333333333333,19.805098357553817,2.508666666666666,1.649964790389119,84.97599999999998,99.12,0
29.455294117647057,26.395585359498817,3.0770588235294114,3.0669299892275874,84.72764705882352,109.99,0
30.673636363636362,19.776546182002786,3.328888888888889,2.6403335227033558,94.17897727272727,109.655,0
36.15428571428571,9.965120599944013,4.331428571428572,2.2664247069737287,100.82857142857144,108.62,0
17.05,19.776546182002786,1.92,2.6403335227033558,78.53,78.53,0
12.994444444444444,9.816412418892035,1.396666666666667,0.8301656461213027,76.49666666666667,83.6,0
45.08888888888889,31.661579415927932,4.656666666666666,3.9531190217346097,92.54555555555554,119.14,0
24.78,19.776546182002786,3.56,2.6403335227033558,95.14,95.14,0
39.964,27.103311482793636,4.2090000000000005,2.8635077556498194,102.731,118.8,0
26.598000000000003,16.393450521473508,3.3300000000000005,1.9693146015809664,96.048,103.12,0
27.200000000000003,26.640827689844777,3.6233333333333335,4.646572213291572,96.35333333333334,111.07,0
39.53692307692308,19.98891750638146,4.30923076923077,2.9982452132829893,97.61538461538463,116.16,0
24.343333333333334,23.756822879613626,3.5533333333333332,3.790993713175127,94.92,108.16,0
53.79666666666666,23.60063532786327,5.960833333333333,3.4003782098021054,109.64666666666666,127.96,0
0.67,0.8061017305526642,0.64,0.05656854249492385,70.33500000000001,70.62,0
20.971249999999998,22.86403878676856,2.09625,2.161929941378437,80.48625,97.82,0
36.87461538461538,14.830170607798491,3.2884615384615383,1.7022869232978233,94.32076923076922,108.88,0
30.673636363636362,19.776546182002786,3.328888888888889,2.6403335227033558,94.17897727272727,109.655,0
25.37888888888889,18.773492911845445,3.3277777777777775,2.853496880048136,95.4388888888889,111.74,0
32.20777777777778,18.987637937469852,4.024444444444445,3.2972227370588385,98.85333333333334,116.92,0
30.673636363636362,19.776546182002786,3.328888888888889,2.6403335227033558,94.17897727272727,109.655,0
39.314,24.458990258071662,4.947,4.42988851126326,102.40899999999999,121.04,0
28.790588235294113,21.219295897422064,3.0358823529411763,3.2412730115332953,99.39588235294117,123.98,0
18.21,19.776546182002786,2.66,2.6403335227033558,91.85,91.85,0
0.03,19.776546182002786,0.6,2.6403335227033558,70.02,70.02,0
22.958571428571428,20.20771917574357,2.552857142857143,2.3516853126053685,81.47714285714287,99.85,0
52.322500000000005,36.041494241261105,6.362499999999999,4.790537548125471,108.90875,128.17,0
30.673636363636362,19.776546182002786,3.328888888888889,2.6403335227033558,94.17897727272727,109.655,0
27.203333333333333,15.71119505320967,2.6744444444444446,1.9437728205162705,96.35222222222222,103.43,0
22.253999999999998,18.107369494214225,2.4539999999999997,1.4688532942401022,93.876,103.58,0
28.705,9.114606409494595,4.165,1.3505739520663058,97.10499999999999,100.33,0
25.56071428571428,15.028472702115865,2.887142857142856,2.0535763497313226,107.37071428571429,118.63,1
22.918,19.06812570175102,3.529,3.24703779535201,106.95900000000002,127.58,1
9.42,19.776546182002786,1.59,2.6403335227033558,87.46,87.46,0
1.295,1.0111626970967629,0.685,0.06363961030678926,70.64500000000001,71.0,0
26.56125,10.91094061023155,2.1224999999999996,1.4684118405043365,91.249375,99.92,0
30.073333333333338,16.15740155470551,3.4766666666666666,2.4919369975984544,97.78777777777776,110.08,0
32.689,11.838877996762287,3.3909999999999996,1.8868930959531214,99.095,103.77,0
46.705,31.43292170108701,7.43,6.249885332281438,112.47749999999999,126.46,1
32.340666666666664,16.499453872635847,3.152,2.26575815125975,98.91933333333333,118.01,0
30.673636363636362,19.776546182002786,3.328888888888889,2.6403335227033558,94.17897727272727,109.655,0
25.742,17.172335504137653,3.725,2.684594941513524,108.372,124.78,1
40.049,21.278802937299936,5.113999999999999,3.5171964845756216,115.52399999999997,134.22,1
30.673636363636362,19.776546182002786,3.328888888888889,2.6403335227033558,94.17897727272727,109.655,0
30.673636363636362,19.776546182002786,3.328888888888889,2.6403335227033558,94.17897727272727,109.655,0
26.5,19.776546182002786,3.8,2.6403335227033558,96.0,96.0,0
30.673636363636362,19.776546182002786,3.328888888888889,2.6403335227033558,94.17897727272727,109.655,0
29.830000000000005,11.047419004757023,2.3614285714285717,1.1686235289351965,97.66428571428571,103.55,0
28.351999999999997,21.4521398200073,3.8313333333333333,4.0356852253483835,109.676,137.54,1
35.07076923076923,24.075579418966726,4.463846153846154,3.99765668540446,100.2853846153846,120.39,0
30.673636363636362,19.776546182002786,3.328888888888889,2.6403335227033558,94.17897727272727,109.655,0
25.154285714285713,15.299334683516204,2.5435714285714286,1.7006180195304437,108.07785714285716,120.53,1
33.74384615384616,18.35416189790095,4.291538461538462,3.306901485665613,112.3723076923077,128.21,1
30.673636363636362,19.776546182002786,3.328888888888889,2.6403335227033558,94.17897727272727,109.655,0
30.673636363636362,19.776546182002786,3.328888888888889,2.6403335227033558,94.17897727272727,109.655,0
30.673636363636362,19.776546182002786,3.328888888888889,2.6403335227033558,94.17897727272727,109.655,0
30.673636363636362,19.776546182002786,3.328888888888889,2.6403335227033558,94.17897727272727,109.655,0
30.673636363636362,19.776546182002786,3.328888888888889,2.6403335227033558,94.17897727272727,109.655,0
42.8675,11.65618970046959,6.800000000000001,3.787303350230434,116.9325,125.29,1
23.035,11.293965202708923,2.8649999999999998,2.6403335227033558,104.46700000000001,116.76,1
37.73375,27.866839452500322,4.90875,4.081272341877154,101.61625000000001,128.31,0
41.385384615384616,20.192347401670357,3.7153846153846155,3.1668665254070296,92.65384615384617,117.45,0
28.453999999999997,21.032609707573407,3.2880000000000003,3.5073060253641333,109.287,135.71,1
42.73571428571428,24.349330488497937,5.240000000000001,4.542275494360362,104.11857142857143,128.54,0
42.98538461538462,21.670315570454363,4.114615384615385,3.2604795541571683,91.4923076923077,119.44,0
34.3,6.50884782430808,4.1499999999999995,0.4348562981031782,99.90000000000002,103.66,0
21.84,19.776546182002786,3.15,2.6403335227033558,93.67,93.67,0
33.30222222222222,10.478602933809661,3.658888888888889,2.163281329626619,99.4011111111111,105.66,0
40.446999999999996,23.556409861342527,5.038,3.595453301663706,115.724,137.49,1
27.999999999999996,15.488016481959674,3.4850000000000008,3.215758075477693,109.49916666666665,127.45,1
34.39,11.334423673041343,3.481666666666667,1.5848333245697057,99.94166666666666,109.76,0
37.13166666666667,23.368501657080408,4.0441666666666665,3.415162603165566,92.81583333333333,115.87,0
45.12307692307692,15.666536196947188,4.394615384615385,2.1586786675518868,116.59307692307695,127.49,1
25.20555555555556,10.969299329390997,2.8144444444444443,2.153666124954789,106.68666666666667,114.4,1
26.8625,18.12485655115648,2.74,2.025800253397819,83.43,93.72,0
5.29,19.776546182002786,1.14,2.6403335227033558,85.39,85.39,0
30.673636363636362,19.776546182002786,3.328888888888889,2.6403335227033558,94.17897727272727,109.655,0
41.527692307692305,13.21543425560063,4.243076923076924,2.1771440949685466,103.51461538461538,116.37,0
34.66153846153847,23.597441544283935,4.0053846153846155,3.2545522359320422,112.83153846153846,137.07,1
21.485714285714288,10.34640977528414,2.7271428571428578,1.282207917171448,106.24428571428572,112.68,1
41.20799999999999,21.519234884168164,5.682,3.8097204621861693,103.352,111.04,0
42.47384615384616,21.69766405954857,5.099230769230768,3.6310362651692643,103.98923076923076,126.17,0
33.98066666666667,19.43856162619133,3.4606666666666674,2.669704281822418,111.02,129.09,1
42.258,20.35933524034052,4.760000000000001,3.853803316205953,116.62866666666666,137.53,1
53.638888888888886,24.869708929181748,4.9705555555555545,3.531782539808578,97.52777777777777,119.97,0
30.673636363636362,19.776546182002786,3.328888888888889,2.6403335227033558,94.17897727272727,109.655,0
9.04,19.776546182002786,1.55,2.6403335227033558,87.27,87.27,0
42.022,16.867007111188663,4.622000000000001,2.819845543445401,106.31200000000001,127.51,0
26.163636363636364,15.706166478633337,2.4845454545454544,1.9543866743117324,108.58000000000001,119.67,1
28.461875,19.98108579590542,3.3549999999999995,2.9633989494047763,109.730625,127.46,1
28.62818181818182,17.672032038326446,3.3845454545454547,2.383410848495759,97.06363636363636,109.8,0
32.82000000000001,23.962253650272544,4.681875,4.857773452587787,111.113125,136.15,1
33.78529411764706,27.940514740616145,3.6605882352941173,3.549523683869843,98.20294117647059,135.53,0
57.88,19.776546182002786,4.86,2.6403335227033558,124.44,124.44,1
43.41083333333333,21.407943919928133,4.114166666666667,3.5871271319268927,104.45333333333333,127.87,0
3.63,19.776546182002786,0.96,2.6403335227033558,84.57,84.57,0
30.673636363636362,19.776546182002786,3.328888888888889,2.6403335227033558,94.17897727272727,109.655,0
26.215,3.839589821842953,1.865,0.6858935777509513,108.61,109.97,1
37.12133333333333,26.08281313340992,3.975999999999999,3.6217730464511444,95.36066666666667,132.3,0
27.38,17.003368293762662,3.4323076923076923,2.654700717112175,108.90923076923079,125.72,1
27.93857142857143,18.205344845741894,3.6999999999999997,3.422031560345404,104.00285714285714,127.36,1
28.518181818181816,15.432802608847053,3.210909090909091,2.1471071447203305,109.6718181818182,122.88,1
50.24199999999999,21.471201709665504,4.563999999999999,2.26764761686769,95.122,109.72,0
30.673636363636362,19.776546182002786,3.328888888888889,2.6403335227033558,94.17897727272727,109.655,0
30.673636363636362,19.776546182002786,3.328888888888889,2.6403335227033558,94.17897727272727,109.655,0
30.673636363636362,19.776546182002786,3.328888888888889,2.6403335227033558,94.17897727272727,109.655,0
35.86333333333333,21.63400288787031,3.886666666666667,3.437496320344351,100.68133333333331,120.79,0
29.558333333333326,8.39084006340825,3.118333333333334,1.8774006853448553,110.27749999999999,112.56,1
49.181999999999995,26.874869219320036,5.364000000000001,3.456161004480099,94.592,118.26,0
19.740000000000002,11.329079103498808,2.227142857142857,1.660238078165441,104.46000000000001,115.14,1
26.189999999999998,24.56175424167768,4.35375,4.365962297788918,108.5925,137.66,1
35.24714285714286,18.10644824729213,3.19,1.9906087201966831,87.62428571428572,101.07,0
51.55117647058824,19.60296274876356,4.645294117647059,2.929430656388411,95.77647058823528,116.43,0
32.182307692307695,23.74397683408228,3.322307692307692,2.747863272454174,86.0923076923077,111.96,0
48.80615384615385,26.267517500537156,4.930000000000001,4.0603222368017375,94.40153846153846,118.96,0
23.395714285714288,14.581911193870784,2.06,1.6411346918894492,81.69785714285715,98.8,0
45.284285714285716,30.311700892378358,4.500714285714286,3.6151996737827194,92.64142857142858,119.51,0
30.461000000000006,17.43538894827924,2.9450000000000003,1.5026217828256792,85.232,94.43,0
40.27333333333333,27.71065641207149,4.515000000000001,3.495263028208841,90.13666666666667,109.52,0
31.550000000000004,20.706332364762233,3.175714285714286,1.932466396506385,85.77642857142858,102.28,0
43.122,22.49205528872609,4.587,2.675273817761464,91.56099999999999,110.81,0
45.75533333333333,18.587891552861837,4.777333333333333,3.1721206666533868,101.376,117.83,0
32.55769230769231,22.49436305456923,2.973846153846154,2.026287814623655,86.27999999999999,105.71,0
27.361333333333334,23.483315617283523,2.7933333333333334,2.377954302897065,83.68,99.4,0
19.635,18.985817074858804,2.325,1.845548698896889,79.815,86.53,0
24.962500000000002,27.855940569293296,3.2299999999999995,3.041523740934249,82.48,97.44,0
29.647777777777783,17.098365256492926,2.7655555555555553,2.0895341054354146,84.82222222222222,99.53,0
38.75785714285714,15.044854565634685,3.0799999999999996,1.2087565129885787,89.37857142857142,98.52,0
34.53769230769231,25.526717426337893,3.5930769230769233,3.223115430282179,87.26769230769231,108.94,0
32.59333333333334,22.317455585472192,3.126666666666667,2.5410533998624234,86.296,109.83,0
30.54,17.844229959769706,3.0100000000000002,1.6742588978837345,85.27000000000001,94.6,0
23.64083333333333,16.21802109794328,2.7841666666666662,2.992710715094666,96.69666666666666,113.18,0
52.92,21.864874799550076,5.006153846153847,3.511850268404436,96.46000000000001,119.86,0
70.034,34.3086385623213,7.160000000000001,4.684565081200176,105.018,119.65,0
61.004999999999995,26.650854582920974,6.994999999999999,3.090056633785213,100.505,109.93,0
4.175,5.847773080412749,0.8899999999999999,0.4101219330881975,72.08500000000001,74.15,0
31.605,23.68709001404211,3.235,2.2845057817100543,85.8025,95.73,0
36.68076923076923,25.17743151499588,3.7046153846153844,2.903218373301761,88.34153846153845,109.71,0
32.21083333333333,17.71976988273182,2.9341666666666666,1.6969408750258017,86.10583333333334,94.98,0
33.201,12.70721968891001,2.78,1.3319159132617944,86.60300000000001,94.62,0
12.73,16.80085712099237,1.64,1.4566399692442877,76.36,82.3,0
24.39214285714286,19.66327431007884,3.466428571428571,3.2911316901937853,107.69642857142857,127.4,1
35.69384615384616,14.888229432710448,3.516923076923077,2.1643759093380885,95.6923076923077,113.04,0
8.77,12.20466304327981,1.28,0.9475230867899737,74.38499999999999,78.7,0
31.16,19.776546182002786,3.41,2.6403335227033558,85.58,85.58,0
36.44333333333333,22.212186595050323,3.5566666666666666,2.871242472055144,88.22333333333334,100.79,0
30.673636363636362,19.776546182002786,3.328888888888889,2.6403335227033558,94.17897727272727,109.655,0
28.506,23.75774315881035,3.249,2.764466796086845,84.253,103.33,0
39.473846153846154,25.061027026860366,4.752307692307692,3.4614620077027034,98.56307692307692,118.15,0
39.51692307692308,19.845758734389314,3.7846153846153845,2.4209970927444178,89.75846153846153,108.94,0
43.84769230769231,21.78278378056325,4.253846153846154,2.99009068552984,91.92153846153846,119.37,0
19.41,14.438343626145858,2.283846153846154,2.44010771094754,104.91461538461539,123.76,1
44.649375,22.4579433515924,4.994375,3.819603764353924,105.07374999999999,118.82,0
6.05,19.776546182002786,1.01,2.6403335227033558,73.02,73.02,0
0.79,19.776546182002786,0.65,2.6403335227033558,70.4,70.4,0
30.673636363636362,19.776546182002786,3.328888888888889,2.6403335227033558,94.17897727272727,109.655,0
31.83,19.776546182002786,3.48,2.6403335227033558,85.91,85.91,0
30.358181818181812,24.607388247508844,2.647272727272728,1.9420251847444765,85.18,99.8,0
41.15714285714286,28.15385451069753,5.21,4.737161597412526,103.32857142857142,127.96,0
34.97461538461538,24.15241934582145,3.394615384615385,2.8788644039638713,87.4876923076923,108.12,0
21.137857142857143,15.412754048600055,1.9999999999999998,1.4481128302831825,83.3,93.45,0
28.61,22.285890154983715,3.511111111111111,3.1237575307810164,109.38444444444444,126.96,1
37.199285714285715,19.212243878193014,3.787142857142858,2.973724493398365,101.34785714285714,121.0,0
30.673636363636362,19.776546182002786,3.328888888888889,2.6403335227033558,94.17897727272727,109.655,0
23.14,19.776546182002786,2.52,2.6403335227033558,81.57,81.57,0
0.11,19.776546182002786,0.61,2.6403335227033558,70.05,70.05,0
30.673636363636362,19.776546182002786,3.328888888888889,2.6403335227033558,94.17897727272727,109.655,0
21.98,7.848885271170679,2.015,0.21920310216782962,80.99,83.77,0
32.53142857142857,21.287148257866317,3.707142857142857,3.6763646640203067,99.01428571428572,117.68,0
24.099285714285713,12.125371660781697,2.1735714285714285,1.4993311695699372,93.88928571428572,103.63,0
32.2,31.819805153394643,4.699999999999999,4.341635636485401,98.85,110.1,0
29.685,15.218825260436246,2.858571428571428,1.4821598436733476,109.0992857142857,121.74,1
36.165384615384625,27.95694088396911,4.7761538461538455,4.970309410995017,103.77461538461537,131.58,0
30.673636363636362,19.776546182002786,3.328888888888889,2.6403335227033558,94.17897727272727,109.655,0
24.592307692307692,29.023886471274587,3.01,3.7484196670063503,82.29461538461538,117.03,0
25.439999999999998,27.84965996201749,3.1063636363636364,3.488570689343338,82.7209090909091,109.64,0
11.78,19.776546182002786,1.46,2.6403335227033558,75.89,75.89,0
0.02,19.776546182002786,0.6,2.6403335227033558,70.01,70.01,0
27.94818181818182,16.801084975787617,3.5254545454545454,2.6006513170218093,96.72454545454546,108.64,0
29.538,25.109199907603593,3.9899999999999998,2.9559854532794985,97.518,115.68,0
17.116666666666667,17.325052188473588,2.3000000000000003,2.522320360303187,91.31,100.6,0
20.503,16.13057073454694,2.385,1.8570840344774686,104.207,116.69,1
38.815384615384616,18.38013493575089,4.952307692307692,3.573570002686748,114.90923076923076,127.49,1
49.295,46.56298154113415,6.41,6.434671708797582,94.65,111.11,0
29.11090909090909,22.994268613959196,3.0545454545454547,2.297926733542058,84.55454545454545,99.09,0
37.77666666666667,25.07147781842945,4.068888888888889,2.889327103515819,88.88777777777779,104.53,0
53.7275,19.86864689769926,5.355833333333333,3.150510660867921,96.86416666666668,119.55,0
38.26,21.89418492050648,4.012,2.7084673812980573,92.95700000000001,109.02,0
42.57,23.141934232038597,5.966363636363636,4.232434932110055,113.30818181818181,127.1,1
30.901,18.23881724357269,3.4769999999999994,3.080837007481354,98.19899999999998,117.17,0
30.673636363636362,19.776546182002786,3.328888888888889,2.6403335227033558,94.17897727272727,109.655,0
22.897,13.18423304978758,2.5000000000000004,1.5275106837233214,105.239,115.67,1
29.235,16.017318305955143,3.86375,2.547816642314973,110.11875,122.78,1
36.24181818181818,21.35178297856262,3.513636363636364,2.5764365807342227,91.59818181818181,110.05,0
51.463636363636354,35.178154946707274,5.348181818181818,4.0594576440254135,95.72909090909089,119.82,0
25.216,18.377093350146534,2.467,2.0005724180843845,82.609,95.9,0
45.75875,25.976757784604303,5.0962499999999995,4.27752089416288,104.83312500000001,128.58,0
30.673636363636362,19.776546182002786,3.328888888888889,2.6403335227033558,94.17897727272727,109.655,0
28.194444444444443,14.962685346480349,4.1866666666666665,3.165446256059325,109.59777777777778,119.52,1
25.124999999999996,15.216476632621335,2.652,1.290321234766323,95.314,106.26,0
30.673636363636362,19.776546182002786,3.328888888888889,2.6403335227033558,94.17897727272727,109.655,0
22.11363636363636,18.62415542929519,2.540909090909091,2.44321286238205,105.15545454545455,126.11,1
37.93,11.204335470403112,3.1174999999999997,1.7934394330447851,114.465,117.48,1
30.673636363636362,19.776546182002786,3.328888888888889,2.6403335227033558,94.17897727272727,109.655,0
42.966153846153844,18.122387415598023,4.296153846153847,2.545677835277991,97.36769230769231,116.29,0
29.003999999999998,12.974665864125916,2.4360000000000004,1.2722802925680894,89.60133333333334,103.22,0
18.304444444444446,10.85762187487563,1.7,1.16820374935197,91.90444444444444,98.91,0
8.08,19.776546182002786,1.44,2.6403335227033558,86.79,86.79,0
26.681428571428572,17.14927348176537,3.6714285714285717,3.0624360051622768,108.84285714285713,121.44,1
28.808181818181822,17.249191759721274,3.238181818181818,2.451451888909175,97.15272727272728,112.57,0
27.82,19.776546182002786,4.0,2.6403335227033558,96.66,96.66,0
29.419090909090905,19.47909004781561,2.834545454545455,1.9844312214655546,109.18,126.77,1
30.673636363636362,19.776546182002786,3.328888888888889,2.6403335227033558,94.17897727272727,109.655,0
30.673636363636362,19.776546182002786,3.328888888888889,2.6403335227033558,94.17897727272727,109.655,0
41.51,31.90598125743824,4.603333333333334,4.260219086698085,103.50833333333333,127.95,0
22.744,3.7857271428353094,2.304,1.3412978789217553,94.124,97.43,0
31.88,32.67076215823561,4.416666666666667,5.608478700443938,98.69333333333333,115.86,0
30.673636363636362,19.776546182002786,3.328888888888889,2.6403335227033558,94.17897727272727,109.655,0
13.864999999999998,15.855559487658157,1.745,1.2519984025548916,102.4325,112.6,1
35.24090909090909,25.78223281818138,4.4436363636363625,4.307524283686101,100.36909090909093,118.29,0
37.84571428571429,25.26952964681829,4.765714285714286,4.290931744749063,101.67285714285717,128.11,0
23.985714285714288,19.871048020941156,2.465,2.63779555398355,105.27714285714285,124.46,1
30.673636363636362,19.776546182002786,3.328888888888889,2.6403335227033558,94.17897727272727,109.655,0
22.964999999999996,18.726395809124615,2.765,2.960793812476647,94.2325,106.31,0
3.39,19.776546182002786,0.94,2.6403335227033558,84.44,84.44,0
39.906666666666666,19.852499422826675,4.5200000000000005,4.914234426642669,102.70333333333333,114.03,0
30.673636363636362,19.776546182002786,3.328888888888889,2.6403335227033558,94.17897727272727,109.655,0
30.673636363636362,19.776546182002786,3.328888888888889,2.6403335227033558,94.17897727272727,109.655,0
33.541538461538465,22.471841211522865,4.003846153846153,3.7902298489263564,112.27,136.81,1
26.50923076923077,18.442073935044316,3.2199999999999998,2.99305863624487,106.79307692307694,119.47,1
36.211666666666666,8.962536285375176,3.7633333333333336,2.2378352635229133,100.85833333333333,106.94,0
34.892500000000005,17.437711028374423,3.6158333333333332,2.331368924174392,110.68916666666667,124.59,1
30.673636363636362,19.776546182002786,3.328888888888889,2.6403335227033558,94.17897727272727,109.655,0
37.435,4.108290398693843,4.035,2.7506453788156704,101.465,102.92,0
30.673636363636362,19.776546182002786,3.328888888888889,2.6403335227033558,94.17897727272727,109.655,0
5.64,19.776546182002786,1.18,2.6403335227033558,85.57,85.57,0
4.99,19.776546182002786,1.11,2.6403335227033558,85.25,85.25,0
30.673636363636362,19.776546182002786,3.328888888888889,2.6403335227033558,94.17897727272727,109.655,0
36.1875,14.573201187698704,3.66,1.7403365848511685,113.59625,126.36,1
25.99285714285714,13.285928026166763,3.2257142857142855,2.385093819427766,108.49785714285714,118.4,1
30.673636363636362,19.776546182002786,3.328888888888889,2.6403335227033558,94.17897727272727,109.655,0
31.118571428571432,17.621846082084005,2.755714285714286,2.314794273250331,109.24928571428572,125.73,1
30.673636363636362,19.776546182002786,3.328888888888889,2.6403335227033558,94.17897727272727,109.655,0
39.220625,17.197243371637597,3.578125,2.986909704583206,102.36125,128.2,0
30.673636363636362,19.776546182002786,3.328888888888889,2.6403335227033558,94.17897727272727,109.655,0
30.673636363636362,19.776546182002786,3.328888888888889,2.6403335227033558,94.17897727272727,109.655,0
30.673636363636362,19.776546182002786,3.328888888888889,2.6403335227033558,94.17897727272727,109.655,0
21.0325,23.031746749504983,2.625,2.88361462982371,93.2675,105.36,0
25.547777777777775,8.26894760198929,2.4466666666666668,1.415088336465254,108.27444444444444,112.52,1
23.30111111111111,13.58363026260326,2.533333333333333,1.710950028492942,107.15,119.41,1
38.336363636363636,27.663940526514757,4.548181818181818,4.356195170517084,101.91818181818181,126.48,0
35.55357142857144,19.30449433806417,3.315714285714286,2.0526332591827736,87.77642857142858,101.07,0
53.59882352941176,20.924312677586613,5.018235294117647,3.1462005564134765,96.80000000000001,116.43,0
34.130833333333335,23.26840989931251,3.510833333333333,2.776588679831728,87.06666666666666,111.96,0
49.07384615384615,25.34235306703699,4.92076923076923,3.9059110365753376,94.53538461538461,118.96,0
26.225384615384616,8.924035536482934,2.0976923076923075,0.8758534299580215,83.1123076923077,92.62,0
44.5092857142857,30.29169687307975,4.413571428571429,3.584418431838768,92.255,119.36,0
27.935454545454547,19.09461094845159,2.7627272727272727,1.6225417770220336,83.96636363636364,94.9,0
37.41230769230769,27.9880138493386,4.176153846153847,3.5806901999045255,88.70692307692306,109.8,0
28.941428571428577,18.185045782452406,2.815714285714286,1.6589139834227704,84.47285714285715,97.37,0
30.133749999999996,25.041953904540733,3.3,2.5873593819623455,85.0675,109.78,0
39.46066666666666,18.594453269213172,3.758666666666666,2.6565226106608577,98.23133333333332,117.17,0
37.955999999999996,24.185762662267972,3.5839999999999996,2.2078758016599473,88.978,103.38,0
28.538571428571423,22.62830387509714,2.6699999999999995,2.061526693422209,84.26928571428573,99.82,0
29.21,19.776546182002786,3.18,2.6403335227033558,84.61,84.61,0
42.010000000000005,10.691454531540597,4.84,1.470782104868019,91.01,94.79,0
16.06,13.803910074081667,1.627,1.2091599471442056,78.03,89.03,0
41.88615384615384,14.281933540001704,3.1438461538461544,1.204177025064134,90.94307692307694,101.73,0
26.381999999999994,25.93804832887608,2.7849999999999997,2.700062756472317,83.191,104.69,0
29.104,18.547492629925557,2.6913333333333336,1.9004618486292322,84.55199999999998,94.84,0
30.43125,24.499919788498435,3.32375,3.603339472925477,85.21625,112.09,0
27.564545454545456,18.472176029713644,3.2899999999999996,2.513376215372462,100.0109090909091,115.9,0
49.23411764705882,22.998172497728905,4.405882352941175,2.8909082889801465,94.61764705882354,111.71,0
53.39333333333333,37.64105537840298,6.002222222222222,4.451428921643526,96.69666666666666,119.97,0
36.31666666666667,32.114888032396024,4.656666666666666,3.668164845441564,88.16000000000001,100.54,0
0.48,19.776546182002786,0.63,2.6403335227033558,70.24,70.24,0
35.7675,11.742848532901489,3.41,1.5122389581896991,87.88250000000001,94.99,0
36.170833333333334,20.415424408713104,3.5025,2.428116086037224,88.08666666666666,109.92,0
0.18,19.776546182002786,0.61,2.6403335227033558,70.09,70.09,0
27.37333333333333,21.41346130358191,2.62,2.015663662419899,83.68444444444444,95.35,0
24.588571428571424,19.27963643205911,1.952857142857143,1.3299838881945687,82.2957142857143,94.65,0
23.45714285714286,17.297910691344036,3.1314285714285712,3.2555511341112715,107.22785714285715,127.08,1
30.968125,16.19158102996739,2.76375,1.9674446201439404,95.844375,110.27,0
10.445,13.838079707820736,1.4300000000000002,1.1172287142747452,75.225,80.12,0
46.86,19.776546182002786,5.48,2.6403335227033558,93.43,93.43,0
25.145,25.03887710474786,3.0,2.7178054872758404,82.57,97.41,0
15.9,19.776546182002786,1.81,2.6403335227033558,77.95,77.95,0
29.001818181818184,17.901911528203808,2.6954545454545453,1.8255046624775495,84.4990909090909,99.16,0
36.30285714285714,24.111629085212332,3.7042857142857137,3.651756915709009,88.15142857142857,108.94,0
40.78666666666666,15.851209357498188,3.644,1.9996456829005627,90.39266666666666,109.67,0
4.09,19.776546182002786,0.87,2.6403335227033558,72.05,72.05,0
24.24846153846154,16.371994811340617,2.6223076923076927,2.446055170562573,107.62538461538462,126.81,1
45.565384615384616,21.20719909817757,4.6923076923076925,3.0408720071884914,105.5346153846154,118.8,0
21.2175,25.287107881290027,2.3575,2.685682718912766,80.6075,96.1,0
0.16,19.776546182002786,0.61,2.6403335227033558,70.08,70.08,0
31.7175,33.29348230939074,3.9225000000000003,4.001513106670668,85.85625,118.59,0
74.19,19.776546182002786,10.15,2.6403335227033558,107.1,107.1,0
47.35875,11.338682762372105,3.9575,1.20409717215846,93.68,99.53,0
27.63888888888889,21.181867507637545,2.5966666666666667,1.6823792675850473,83.8188888888889,94.85,0
48.25,29.43030309052219,4.9436363636363625,3.9632947726034025,94.12545454545453,118.02,0
58.080000000000005,19.418325365489167,6.083333333333332,3.1932031984617995,99.04,109.37,0
30.91555555555555,26.808377940072724,3.974444444444445,4.068200188999771,110.95666666666666,127.73,1
40.217,19.82708307677489,4.244000000000001,2.5501511937748145,102.85799999999999,116.06,0
35.56375,25.290013806507368,3.72625,3.309849694472545,93.36125,119.26,0
0.22,19.776546182002786,0.61,2.6403335227033558,70.11,70.11,0
28.102857142857143,21.4758233946033,2.9771428571428573,2.312053303059961,84.05285714285715,101.12,0
0.12,19.776546182002786,0.61,2.6403335227033558,70.06,70.06,0
27.287142857142857,24.99666358689076,3.2671428571428573,2.832547229884051,83.64428571428572,103.76,0
28.904444444444444,26.033189927048465,3.291111111111111,3.3149111769564974,87.28777777777776,110.21,0
27.324285714285715,13.911644106942994,2.34,1.485436998638137,92.76928571428572,107.97,0
28.484166666666663,20.897477646110712,2.725,1.671958568429689,84.24083333333333,99.89,0
23.919230769230772,19.591728042526206,2.6784615384615384,2.5312310778020186,107.23769230769231,130.21,1
30.673636363636362,19.776546182002786,3.328888888888889,2.6403335227033558,94.17897727272727,109.655,0
18.085,8.12508256368307,1.895,0.33630343441600474,91.79,95.72,0
8.305,11.066221125569468,1.22,0.8343860018001261,74.155,78.07,0
32.775999999999996,24.30333913957778,3.498,2.5718207990103474,86.388,106.94,0
47.207499999999996,43.50404760862296,5.99,5.465961336611643,93.60499999999999,119.91,0
45.386250000000004,24.21818262469042,4.3925,2.8381973655322645,100.66125,118.47,0
43.68625,26.800714242881128,4.6575,2.601706857320511,104.595,118.74,0
22.19333333333333,17.896366856618318,3.1116666666666664,2.7375859195040193,93.84499999999998,107.15,0
33.618750000000006,12.261929978013832,3.0,1.6115919370078056,93.18375,108.12,0
30.013076923076923,21.062268944178903,3.173076923076923,3.025118137129481,110.2830769230769,131.34,1
30.673636363636362,19.776546182002786,3.328888888888889,2.6403335227033558,94.17897727272727,109.655,0
36.519999999999996,16.30439260389108,4.444166666666667,2.8098801602829107,101.0125,108.41,0
0.18,19.776546182002786,0.61,2.6403335227033558,70.09,70.09,0
4.595,6.455884912233179,0.6950000000000001,0.13435028842544408,72.295,74.58,0
32.99571428571428,25.573496711750902,3.1657142857142864,2.570335848410937,86.49785714285714,109.93,0
30.673636363636362,19.776546182002786,3.328888888888889,2.6403335227033558,94.17897727272727,109.655,0
45.406666666666666,25.259215875926685,5.963333333333334,3.9124399888901387,105.455,119.08,0
35.40416666666667,15.751808241557153,3.7566666666666664,2.618338589582518,100.44999999999999,117.54,0
30.673636363636362,19.776546182002786,3.328888888888889,2.6403335227033558,94.17897727272727,109.655,0
25.228333333333335,20.653986114652117,2.869166666666667,2.760847887987685,108.11500000000001,127.53,1
39.780833333333334,24.555517231676298,4.822499999999999,4.212207637548056,102.64083333333333,127.64,0
60.32333333333332,32.075296828972085,6.801666666666667,4.224307832848675,112.91333333333334,128.7,0
0.08,19.776546182002786,0.6,2.6403335227033558,70.04,70.04,0
17.022727272727273,18.852550538804604,1.9909090909090912,2.0289329932033464,78.51090909090908,99.26,0
47.839999999999996,27.233957027663372,4.957857142857144,3.952030011119755,106.67071428571428,128.61,0
30.673636363636362,19.776546182002786,3.328888888888889,2.6403335227033558,94.17897727272727,109.655,0
29.209999999999994,16.64680690102459,2.9318181818181825,1.71212626976995,97.35545454545455,106.62,0
28.5,13.233427371622215,2.8560000000000003,0.6952553487748224,97.002,103.57,0
8.69,12.09152595828996,1.575,1.3647160876900368,87.095,91.37,0
23.147142857142853,18.153441474349634,2.7278571428571428,2.5903079073625697,106.57285714285715,128.13,1
24.91785714285714,15.769786681436816,2.8528571428571428,2.552155736059009,105.22785714285715,122.79,1
4.27,19.776546182002786,1.03,2.6403335227033558,84.89,84.89,0
30.673636363636362,19.776546182002786,3.328888888888889,2.6403335227033558,94.17897727272727,109.655,0
25.275714285714287,14.718267934407601,2.0985714285714288,1.571191890268008,85.37142857142858,99.53,0
20.43777777777778,12.371993349676698,2.281111111111111,1.8813322702572004,92.96888888888888,102.84,0
29.59857142857143,16.076138040142425,3.518571428571428,1.8530823742387401,97.54857142857144,103.75,0
23.213333333333335,9.947348055302646,2.92,0.6022457969965419,94.35666666666668,100.09,0
25.85090909090909,11.890517612404814,2.6309090909090913,1.406694384331256,95.67545454545456,105.07,0
30.673636363636362,19.776546182002786,3.328888888888889,2.6403335227033558,94.17897727272727,109.655,0
22.799166666666668,18.199141067810334,2.638333333333333,2.4943785282960245,106.11916666666667,127.36,1
35.13230769230769,19.066596512332833,4.101538461538461,3.1324693298680684,113.06692307692308,127.25,1
30.673636363636362,19.776546182002786,3.328888888888889,2.6403335227033558,94.17897727272727,109.655,0
0.165,0.21920310216782973,0.61,0.014142135623730963,70.08,70.16,0
15.532857142857141,8.037725039432726,1.3928571428571428,0.7307693271640577,90.51571428571428,93.09,0
41.056666666666665,1.3851113072000132,3.84,2.1917344729688404,103.27666666666666,104.05,0
30.80727272727273,11.97922459169131,2.5072727272727273,1.2772634098657247,98.15454545454544,103.6,0
30.882000000000005,19.945594779577547,4.616,3.668424427159128,105.84200000000001,125.12,1
36.97428571428571,18.41288032614023,4.498571428571429,2.0841019534516425,101.23714285714286,112.84,0
30.673636363636362,19.776546182002786,3.328888888888889,2.6403335227033558,94.17897727272727,109.655,0
31.83411764705883,21.32873210566662,3.188823529411765,3.0040636693338847,111.41705882352942,133.4,1
42.830000000000005,14.099845743837058,4.986666666666667,3.3373642294481436,116.91333333333334,125.39,1
31.547500000000003,24.114743179979413,3.7616666666666667,3.275001272264384,101.71083333333333,118.96,0
0.02,19.776546182002786,0.6,2.6403335227033558,70.01,70.01,0
17.4875,7.00242517513278,2.6025,0.9097023322677222,91.49249999999999,95.97,0
30.673636363636362,19.776546182002786,3.328888888888889,2.6403335227033558,94.17897727272727,109.655,0
7.19,19.776546182002786,1.34,2.6403335227033558,86.35,86.35,0
32.39692307692307,23.45991985799589,4.189230769230769,4.589634084068252,111.69769230769231,137.11,1
33.574374999999996,23.142135588215133,3.825,4.028606045106256,104.31625000000001,127.79,0
30.673636363636362,19.776546182002786,3.328888888888889,2.6403335227033558,94.17897727272727,109.655,0
33.83615384615385,21.104999620335438,3.6000000000000005,3.3002171645716487,112.41692307692308,129.2,1
29.042307692307688,16.964412335752627,3.941538461538461,3.180906176322103,109.94999999999999,121.59,1
24.49333333333333,8.853984037332197,2.67,0.8999999999999999,107.74666666666667,110.34,1
32.23166666666666,28.48323817031109,3.726666666666667,3.7763668607097314,86.11833333333334,108.28,0
1.8,19.776546182002786,0.78,2.6403335227033558,83.65,83.65,0
30.673636363636362,19.776546182002786,3.328888888888889,2.6403335227033558,94.17897727272727,109.655,0
36.778888888888886,18.53800855300027,4.501111111111111,3.4326536544066184,101.13777777777779,114.32,0
25.13666666666667,22.06876314310946,4.676666666666666,3.7904230194882818,108.06833333333334,120.44,1
30.321000000000005,17.288561697132458,4.189,2.802548245198763,110.66,122.33,1
30.673636363636362,19.776546182002786,3.328888888888889,2.6403335227033558,94.17897727272727,109.655,0
31.178823529411762,17.558619992169426,2.9564705882352946,2.180613277201137,111.09,129.31,1
27.518333333333334,18.517915567625238,3.0108333333333337,2.4085357993954952,108.80833333333334,127.21,1
25.41090909090909,15.717079534408073,3.7409090909090907,2.6924355314304353,108.20636363636363,117.62,1
26.98833333333333,21.775507856861626,2.7483333333333335,2.4280251359090292,83.49416666666666,102.88,0
30.673636363636362,19.776546182002786,3.328888888888889,2.6403335227033558,94.17897727272727,109.655,0
17.46,19.776546182002786,2.57,2.6403335227033558,91.48,91.48,0
41.065000000000005,14.844451366205368,4.784999999999999,2.6673292737390812,103.28333333333335,110.94,0
36.218333333333334,22.66439130736436,4.705,4.579578186212827,113.43083333333334,136.69,1
25.784545454545455,9.474458679667524,2.7745454545454544,1.6647604250243553,108.39181818181818,112.67,1
12.666666666666666,9.69784168427869,1.9733333333333334,1.2318414400130129,89.08333333333333,93.29,0
36.91692307692308,22.76144927452826,4.098461538461538,3.3553311961559675,113.93076923076924,128.87,1
36.665625000000006,16.196505371529994,3.171875,2.0114811085366924,113.3825,126.62,1
40.135555555555555,31.64947634286826,5.311111111111112,4.233726031654754,115.56666666666666,137.7,1
27.11285714285714,19.61417830234523,2.8514285714285714,2.027678710343666,83.55857142857143,95.12,0
30.673636363636362,19.776546182002786,3.328888888888889,2.6403335227033558,94.17897727272727,109.655,0
30.673636363636362,19.776546182002786,3.328888888888889,2.6403335227033558,94.17897727272727,109.655,0
29.20785714285714,19.02918373226985,3.157142857142857,2.5772180247803536,98.26428571428572,118.16,0
26.802142857142858,21.417999324282018,3.2928571428571423,3.0292279508188185,107.84,124.49,1
27.440833333333334,14.16829909489577,2.768333333333333,1.6683188780289813,109.22083333333335,120.75,1
30.05375,18.492099423035466,4.07375,3.0075331015872218,97.7775,114.42,0
28.668666666666674,13.889567959272098,2.6566666666666667,1.4690165158396022,109.74266666666668,123.13,1
32.36176470588235,24.35210289566748,3.692352941176471,3.898785915852146,111.30941176470589,135.38,1
31.80733333333334,26.77425214819712,3.8266666666666667,4.294826899333441,111.10266666666666,137.46,1
56.559411764705885,31.80010917249111,5.888823529411765,4.629234389120059,98.27941176470588,119.84,0
30.673636363636362,19.776546182002786,3.328888888888889,2.6403335227033558,94.17897727272727,109.655,0
33.88,19.776546182002786,4.92,2.6403335227033558,99.69,99.69,0
26.1,20.12321876175214,2.77,3.1395010219247688,108.5475,122.05,1
26.5,14.064274903862929,2.7825,1.8636350807724442,107.69,116.41,1
34.43333333333334,22.585679426386868,5.708333333333333,4.833276384199502,112.71583333333335,136.3,1
37.25333333333334,18.113615505101865,4.261666666666667,2.835866122839135,101.37666666666668,110.93,0
